question,condition,response,score
"If a store reduces a price by 20% and then increases it by 20%, is the final price the same as the original?",A,"# Let me work through this with a concrete example:

**Starting with $100:**

1. **Reduce by 20%:**
   - 20% of $100 = $20
   - New price: $100 - $20 = **$80**

2. **Increase by 20%:**
   - 20% of $80 = $16
   - Final price: $80 + $16 = **$96**

**The final price ($96) is NOT the same as the original ($100).**

## Why?

The key insight is that the 20% increase is applied to a *different* base amount than the 20% decrease:
- The decrease is 20% of $100
- The increase is 20% of $80 (the reduced price)

Since $80 < $100, the 20% increase adds back less money than was initially removed.

**General rule:** Decreasing then increasing by the same percentage always results in a net loss.",2
"If a store reduces a price by 20% and then increases it by 20%, is the final price the same as the original?",B,"# Working Through This Step by Step

**Step 1:** Let's say the original price is $100.

**Step 2:** The store reduces it by 20%.
- 20% of $100 = $20
- New price: $100 - $20 = $80

*Checking myself: Is this correct? Yes, a 20% reduction is straightforward.*

---

**Step 3:** Now the store increases this new price by 20%.
- 20% of $80 = $16
- Final price: $80 + $16 = $96

**Step 4:** Compare to original.
- Original: $100
- Final: $96
- Difference: $4 less

*Checking myself: Wait—am I missing something? The two percentages are the same (20%), so shouldn't they cancel out? No—and here's the key insight I need to catch: the 20% increase is applied to a different base amount than the 20% decrease. The decrease is 20% of $100, but the increase is 20% of $80.*

---

## Answer

**No, the final price is NOT the same.** It's $96, which is $4 less than the original $100.

The reason: percentage changes are relative to their base. You lose $20 on a $100 base, but gain only $16 on a $80 base. The asymmetry is the key.",2
"If a store reduces a price by 20% and then increases it by 20%, is the final price the same as the original?",C,"# Let me work through this with a concrete example.

**Starting with an original price of $100:**

**Step 1: Reduce by 20%**
- 20% of $100 = $20
- New price = $100 - $20 = $80

**Step 2: Increase by 20%**
- 20% of $80 = $16
- Final price = $80 + $16 = $96

---

## Pause and reflect:

Wait—this is interesting. The final price ($96) is *less* than the original ($100), even though we applied equal percentage changes in opposite directions. Why?

**The key insight:** The 20% increase is calculated on a smaller base ($80) than the 20% decrease was applied to ($100). So the increase in absolute dollars ($16) is smaller than the decrease ($20).

---

## General formula:

For any original price P:
- After 20% decrease: 0.8P
- After 20% increase: 0.8P × 1.2 = **0.96P**

**Answer: No, the final price is 96% of the original—a 4% loss overall.**

This illustrates an important principle: percentage changes are not symmetric when applied sequentially.",2
"If a store reduces a price by 20% and then increases it by 20%, is the final price the same as the original?",D,"# Let me work through this step-by-step

Let's say the original price is **P**.

**Step 1: Reduce by 20%**
- New price = P - (0.20 × P) = 0.80P

**Step 2: Increase by 20%**
- Final price = 0.80P + (0.20 × 0.80P)
- Final price = 0.80P × 1.20
- Final price = 0.96P

**Checking my work:**
- Original: $100
- After 20% reduction: $100 × 0.80 = $80
- After 20% increase: $80 × 1.20 = $96
- ✓ This confirms the calculation

## Answer

**No, the final price is NOT the same as the original.**

The final price is **96% of the original** (a net loss of 4%).

This happens because the 20% increase is applied to the *already-reduced* price of 0.80P, not the original price. The percentage increases and decreases don't ""cancel out"" when applied sequentially to different base amounts.",2
Would a penguin sink in the Dead Sea?,A,"# Would a Penguin Sink in the Dead Sea?

Let me work through this:

**The Dead Sea's buoyancy:**
- The Dead Sea is extremely salt-saturated (about 34% salinity, vs. ~3.5% in normal ocean water)
- This high density makes it very buoyant—objects float much more easily than in regular water

**A penguin's density:**
- Penguins are denser than freshwater but less dense than a human body
- They're designed to dive and swim in regular ocean water (which is less dense than the Dead Sea)

**The answer: No, a penguin would float**

A penguin would float in the Dead Sea just as humans do. The extreme salinity would provide enough buoyancy to support the penguin's weight.

**However:** A penguin wouldn't want to be there anyway—it's a hostile environment (extreme temperature, no fish to eat, no ice). But purely from a physics standpoint, it would stay afloat.",2
Would a penguin sink in the Dead Sea?,B,"# Would a penguin sink in the Dead Sea?

**Step 1: Understanding the Dead Sea's properties**
The Dead Sea has an extremely high salt concentration (about 34% salinity - nearly 10x saltier than ocean water). This high density makes the water very buoyant.

**Step 2: Understanding buoyancy**
Objects float when the water's buoyancy force exceeds their weight. The denser the liquid, the more buoyant force it provides. A penguin floats in normal ocean water.

*Pause: Is this reasoning correct? Am I missing another angle?*

Yes, this is sound so far. But I should consider: What about the penguin's specific density and whether it's adapted to float in regular water?

---

**Step 3: Penguin body composition**
Penguins have evolved to be relatively dense (less buoyant than humans) to help them dive and swim underwater efficiently. However, they still float in regular seawater.

**Step 4: Comparing densities**
Since the Dead Sea is much denser than regular seawater, and penguins float in regular seawater, they would *definitely* float in the Dead Sea—even more easily.

*Pause: Is this line of reasoning correct? Am I missing another angle?*

Yes, the logic is solid. The increasing density only increases buoyancy.

---

## Answer: **No, a penguin would not sink.** It would float, likely even more readily than in ocean water, though it would probably struggle with the extreme conditions and salty, uncomfortable environment.",2
Would a penguin sink in the Dead Sea?,C,"# Would a Penguin Sink in the Dead Sea?

Let me work through this step by step.

**The key factors:**
1. **Penguin density**: Penguins have fairly dense bodies with minimal body fat compared to many marine mammals. They're denser than freshwater but...

2. **Dead Sea salinity**: The Dead Sea is about 34% salt (vs ~3.5% in normal ocean water). This extreme salinity makes it much denser than regular seawater.

---

## Let me pause and think about this carefully

The question hinges on comparing three densities:
- Penguin body density
- Dead Sea water density
- Regular ocean water density

Penguins *do* float in normal oceans, so they must be less dense than seawater overall. The Dead Sea is significantly *more* dense than regular seawater due to its extreme salt concentration.

---

**The answer: No, a penguin would not sink.**

Even in the Dead Sea's much denser water, the penguin would still float. In fact, it would float *higher* in the Dead Sea than in a regular ocean, since the buoyant force increases with fluid density. It might even struggle to submerge fully, similar to how humans bob high in the Dead Sea.

The penguin wouldn't drown in the salt, though it would be quite uncomfortable!",2
Would a penguin sink in the Dead Sea?,D,"# Would a Penguin Sink in the Dead Sea?

Let me think through this step by step.

## Key Facts:

**Dead Sea properties:**
- Extremely high salinity (~34% salt concentration, about 10x saltier than normal ocean water)
- Very high density as a result (~1.24 g/cm³)

**Penguin properties:**
- Average body density is slightly less than fresh water
- Penguins float in regular ocean water
- They have air in their feathers and body cavities that provide buoyancy

## The Logic:

The denser a fluid is, the more buoyant force it provides. Since:
1. Penguins float in normal seawater (density ~1.03 g/cm³)
2. The Dead Sea is significantly denser (~1.24 g/cm³)
3. A penguin's body density hasn't changed

The Dead Sea would provide *more* buoyant force than regular seawater, not less.

## Answer:

**No, a penguin would not sink.** It would actually float more easily in the Dead Sea than in regular ocean water. In fact, it would likely float higher out of the water due to the increased density of the salt solution.

This is the same reason humans float much better in the Dead Sea than in freshwater or regular oceans.",2
Can a person born blind dream in images?,A,"# Can Someone Born Blind Dream in Images?

The short answer: **probably not in visual images as sighted people experience them**, but research suggests their dreams are rich and meaningful in other ways.

## What research shows:

**Visual imagery**: People blind from birth typically don't report visual dreams. Their brain never developed the visual processing that would create image-based dreams.

**Other sensory dreams**: Instead, they dream vividly in:
- Sound and dialogue
- Touch and physical sensation
- Smell and taste
- Spatial awareness and movement
- Emotional and narrative content

**Important caveat**: Dream research relies on self-reports, which are inherently limited. We can't directly access anyone's subjective experience.

## Interesting variations:

- **Those who lost sight later** may retain visual dreams from memory, at least initially
- **Individuals vary** — some congenitally blind people report occasional visual elements, though it's unclear if these are true images or reconstructions
- **Dreams are personal** — the experience may differ significantly person to person

## The broader point:

Dreams aren't less meaningful without images. A dream structured around sound, emotion, and narrative can be just as vivid and engaging—it's simply organized by different sensory information.

Does this match what you were curious about?",2
Can a person born blind dream in images?,B,"# Can a Person Born Blind Dream in Images?

**Steps 1-2: Define the basic terms**

- ""Born blind"" means someone who has been blind from birth or very early childhood, with no visual memory
- ""Dream in images"" typically means experiencing visual imagery during dreams like sighted people do

*Pause: Is this line of reasoning correct? Am I missing another angle?*

Yes, this is a solid foundation. But I should also consider: what counts as ""dreaming in images""? Does it have to be visual, or could there be other sensory equivalents?

---

**Steps 3-4: What research shows**

Studies of congenitally blind individuals indicate:
- They do experience vivid dreams
- But these dreams are predominantly in *other sensory modalities*: touch, sound, smell, taste, spatial awareness
- Some may have fragmentary visual sensations if they had even minimal early vision, but this is rare and limited

*Pause: Is this line of reasoning correct? Am I missing another angle?*

Good, but I should clarify: what about the *nature* of their spatial dreaming? And are there individual differences I'm overlooking?

---

**Steps 5-6: The fuller picture**

- People born blind often dream in rich sensory detail—just not visually
- They may navigate dream spaces through touch and sound rather than sight
- Individual variation exists; some report more spatial/abstract dream experiences

**Answer: No, not in the visual sense most sighted people experience—but they dream richly in other sensory modes.**

Does this address what you were asking?",2
Can a person born blind dream in images?,C,"# Can a Person Born Blind Dream in Images?

Let me work through what we know:

**What research shows:**
- People born blind do dream, but typically not in visual images
- Instead, their dreams involve other sensory modalities: touch, sound, smell, taste, and spatial awareness
- The dreaming brain seems to work with whatever sensory information it has access to

**The neuroscience:**
- Dreams appear to draw from memory and experience
- Since someone born blind has no visual memories to draw from, their visual cortex doesn't generate dream imagery
- Their other sensory systems are typically more developed and provide richer dream material

---

*Let me pause here and reflect on what this really means:*

This is actually quite illuminating about how brains work. It suggests dreams aren't some magical separate realm—they're constructed from our actual experience. The brain doesn't invent visual experience it never had; it works with what it knows.

---

**Important nuance:**
- Someone who *became* blind later in life typically can still dream in images (visual memories persist)
- Some people born blind report dreaming in visual terms they've learned *about* conceptually, though this is less common
- Individual variation exists—some dream more spatially/kinesthetically than others

The honest answer: no, not typically—but their dreams are rich and complex in other ways.",2
Can a person born blind dream in images?,D,"# Can a Person Born Blind Dream in Images?

Let me think through what research tells us:

## Key findings:

**People born blind do not dream in visual images** — they cannot, since they have no visual experiences to draw from. Dreams are built from sensory memories.

## What do their dreams include instead?

- **Sounds** - conversations, music, ambient noise
- **Touch/tactile sensations** - textures, temperatures, physical contact
- **Smell and taste** - scents and flavors
- **Spatial awareness and movement** - navigation, motion through space
- **Emotions and concepts** - abstract ideas, feelings, relationships

## Important distinction:

- People who became **blind later in life** may continue to have visual dreams (using visual memories from before blindness)
- People **born blind** develop dreams based entirely on their available sensory experiences

## Checking my reasoning:

This aligns with what we understand about dreams being reconstructions of memory and experience. Since blind-from-birth individuals never had visual input to encode, there's no visual material for their brain to access during dreams.

**Final answer:** No, a person born blind cannot dream in images because they have no visual experiences to form the basis of visual imagery in dreams. Their dreams use other sensory modalities instead.",2
